<?xml version="1.0" encoding="UTF-8"?>
<!DOCTYPE mapper PUBLIC "-//mybatis.org//DTD Mapper 3.0//EN" "http://mybatis.org/dtd/mybatis-3-mapper.dtd">
<mapper namespace="com.xxxx.server.mapper.MenuMapper">

    <!-- 通用查询映射结果 -->
    <resultMap id="BaseResultMap" type="com.xxxx.server.pojo.Menu">
        <id column="id" property="id"/>
        <result column="url" property="url"/>
        <result column="path" property="path"/>
        <result column="component" property="component"/>
        <result column="name" property="name"/>
        <result column="iconCls" property="iconCls"/>
        <result column="keepAlive" property="keepAlive"/>
        <result column="requireAuth" property="requireAuth"/>
        <result column="parentId" property="parentId"/>
        <result column="enabled" property="enabled"/>
    </resultMap>
    <resultMap id="Menus" type="com.xxxx.server.pojo.Menu" extends="BaseResultMap">
        <collection property="children" ofType="com.xxxx.server.pojo.Menu">
            <id column="id2" property="id"/>
            <result column="url2" property="url"/>
            <result column="path2" property="path"/>
            <result column="component2" property="component"/>
            <result column="name2" property="name"/>
            <result column="iconCls2" property="iconCls"/>
            <result column="keepAlive2" property="keepAlive"/>
            <result column="requireAuth2" property="requireAuth"/>
            <result column="parentId2" property="parentId"/>
            <result column="enabled2" property="enabled"/>
        </collection>
    </resultMap>
    <resultMap id="MenusWithRoles" type="com.xxxx.server.pojo.Menu" extends="BaseResultMap">
        <collection property="roles" ofType="com.xxxx.server.pojo.Role">
            <id column="rid" property="id" />
            <result column="rname" property="name" />
            <result column="rnameZh" property="nameZh" />
        </collection>
    </resultMap>
    <resultMap id="MenusWithChildren" type="com.xxxx.server.pojo.Menu" extends="BaseResultMap">
        <id column="id1" property="id" />
        <result column="name1" property="name" />
        <collection property="children" ofType="com.xxxx.server.pojo.Menu">
            <id column="id2" property="id" />
            <result column="name2" property="name" />
            <collection property="children" ofType="com.xxxx.server.pojo.Menu">
                <id column="id3" property="id" />
                <result column="name3" property="name" />
            </collection>
        </collection>
    </resultMap>


    <!-- 通用查询结果列 -->
    <sql id="Base_Column_List">
        id, url, path, component, name, iconCls, keepAlive, requireAuth, parentId, enabled
    </sql>

    <!--通过用户id获取菜单列表-->
    <select id="getMenusByAdminId" resultMap="Menus">
        select
            distinct m1.*,
            m2.id as id2,
            m2.component as component2,
            m2.enabled as enables2,
            m2.iconCls as iconCls2,
            m2.keepAlive as keepAlive2,
            m2.name as name2,
            m2.parentId as parentId2,
            m2.requireAuth as requireAuth2,
             m2.url as url2,
            m2.path as path2
        from
            t_menu m1,
            t_menu m2,
            t_admin_role ar,
            t_menu_role mr
        where
            m1.id = m2.parentId
            and ar.rid = mr.rid
            and mr.mid = m2.id
            and m2.enabled = true
            and ar.adminId = #{adminId}
        order by
            m1.id,
            m2.id
    </select>
    
    <!--根据角色获取菜单列表-->
    <select id="getMenusWithRole" resultMap="MenusWithRoles">
        select
            m.*,
            r.id as rid,
            r.name as rname,
            r.nameZh as rnameZh
        from t_menu m,
             t_menu_role mr,
             t_role r
        where
            m.id = mr.mid
            and mr.rid = r.id
        order by m.id;
    </select>

    <select id="getAllMenus"  resultMap="MenusWithChildren">
        select
            m1.id as id1,
               m1.name as name1,
               m2.id as id2,
               m2.name as name2,
               m3.id as id3,
               m3.name as name3
        from
            t_menu m1,
             t_menu m2,
             t_menu m3
        where
            m1.id = m2.parentId
            and m2.id = m3.parentId
            and m3.enabled = true
        order by
            m1.id,m2.id,m3.id
    </select>
    
</mapper>
