<?xml version="1.0" encoding="UTF-8"?>
<!DOCTYPE mapper PUBLIC "-//mybatis.org//DTD Mapper 3.0//EN" "http://mybatis.org/dtd/mybatis-3-mapper.dtd">
<mapper namespace="com.xxxx.server.mapper.RoleMapper">

    <!-- 通用查询映射结果 -->
    <resultMap id="BaseResultMap" type="com.xxxx.server.pojo.Role">
        <id column="id" property="id" />
        <result column="name" property="name" />
        <result column="nameZh" property="nameZh" />
    </resultMap>

    <!-- 通用查询结果列 -->
    <sql id="Base_Column_List">
        id, name, nameZh
    </sql>

    <select id="getRolesByAdminId" resultType="com.xxxx.server.pojo.Role">
        select r.id,r.name,r.nameZh
        from t_role r,t_admin_role ar
        where r.id = ar.rid and ar.adminId = #{adminId};
    </select>

</mapper>
